MWI_QHGQTa9FM7F9yG40.jpg,MOUNTAIN
MWI_Qj43jvLTjm8VSlwl.jpg,DESERT
MWI_pmg7LTJ63ZS11EYw.jpg,MOUNTAIN
MWI_MHwswx0GaklXZePb.jpg,DESERT
MWI_mZjm22ObMXvYkypY.jpg,MOUNTAIN
MWI_KUpfRPM4Cm0Rw6i2.jpg,OCEAN
MWI_pFyzjo29y1WmhI8i.jpg,FARMLAND
MWI_PpqIc5uX8bsZ538R.jpg,DESERT
MWI_NHMSEksTv5d8J0uZ.jpg,OCEAN
MWI_mlpexxFIWYG6EMiO.jpg,LAKE
MWI_MeT0WzCL3Bl65Tif.jpg,MOUNTAIN
MWI_OTRkO6eo3KUJyXhe.jpg,DESERT
MWI_PKwH7tDRbaUCP2gt.jpg,DESERT
MWI_pX1nSTXk8ARiAxf5.jpg,OCEAN
MWI_od5BbPZlki21nmRh.jpg,DESERT
MWI_MlHawFaGSbw8NQm5.jpg,DESERT
MWI_oIsehMwHrFUqOxvs.jpg,MOUNTAIN
MWI_LBYA2xdo1y472vnj.jpg,DESERT
MWI_LDubAwf6IVmjCQJW.jpg,LAKE
MWI_r6feMtMLml74su0s.jpg,DESERT
MWI_lymCmS2HR8cOIdkR.jpg,DESERT
MWI_R18Jl4U2fo1XgQcm.jpg,DESERT
MWI_kmYzrEqwihR3eRnD.jpg,DESERT
MWI_oDOaGcG01CqowWS4.jpg,DESERT
MWI_mFLMk4iJzNYeMGbK.jpg,FARMLAND
MWI_l62ed4U4GZra5W9v.jpg,DESERT
MWI_Mw2hX5XwZEc6Itpd.jpg,DESERT
MWI_liCSGIMLNWGi6NWA.jpg,LAKE
MWI_rSuCy3g5QraOYpNB.jpg,DESERT
MWI_pNZ1g9MXnhtFaTla.jpg,OCEAN
MWI_oFZSOtbFHnvgiTws.jpg,MOUNTAIN
MWI_kGDoXn8ACmradiZF.jpg,MOUNTAIN
MWI_RDuPK0EWopYWDQJP.jpg,OCEAN
MWI_O60LEs1cRiFZJhIm.jpg,MOUNTAIN
MWI_oePf0UICjxQugDZJ.jpg,LAKE
MWI_ptyh3OWCQIEZzj3D.jpg,OCEAN
MWI_OvTMuyjKCoJzSX6k.jpg,OCEAN
MWI_MbnkOs2F835D67qC.jpg,DESERT
MWI_lZcjStcmR7uUo50O.jpg,FARMLAND
MWI_psa7urOuOxoMFFsq.jpg,DESERT
MWI_lzFSv9ntH8x2OQla.jpg,OCEAN
MWI_mLGZey087Xudwfwk.jpg,OCEAN
MWI_QFOAJ77277CSKA7P.jpg,FARMLAND
MWI_KTQrnwNC2YlodyOt.jpg,DESERT
MWI_L2pVEwwlRpT6Ka3z.jpg,MOUNTAIN
MWI_QGAgENBQJJIGXx7O.jpg,MOUNTAIN
MWI_QDGiGYVPbsp8Wyzv.jpg,FARMLAND
MWI_Rjll1V0LzYblZffn.jpg,DESERT
MWI_lf0KRkbQFtq0jzLr.jpg,OCEAN
MWI_mxz7McYhoZ3jy1uG.jpg,OCEAN
MWI_Pc0pO36MOQjZpJB3.jpg,CITY
MWI_n7SQyndsDFN0SFsO.jpg,LAKE
MWI_p5wRhMNZYk9FO2OQ.jpg,OCEAN
MWI_pxzX0ZrVDJpgIRd5.jpg,DESERT
MWI_ma1l0POeN9cBrEIW.jpg,MOUNTAIN
MWI_oXQYX6x4syNIewqE.jpg,DESERT
MWI_kQ4Vs5uPYjitBAM3.jpg,LAKE
MWI_RXjyaFaboXCWksqH.jpg,DESERT
MWI_Os4TQaBb1y2M8e5i.jpg,MOUNTAIN
MWI_mqXwHuvg5VnMpXdP.jpg,FARMLAND
MWI_ls2KbfCmV8etf7VU.jpg,DESERT
MWI_PWVd0vLQ72dFoQ95.jpg,FARMLAND
MWI_l8LAs9vb2PWn7qGI.jpg,DESERT
MWI_Rw3NYLfUhgXidNBS.jpg,LAKE
MWI_QAKEkvJjkPzCGntl.jpg,MOUNTAIN
MWI_qaFL0z4SqEdDQA8l.jpg,DESERT
MWI_pcwsg9aK9dkkNGwV.jpg,LAKE
MWI_mYVuePLBbGdGytGg.jpg,FARMLAND
MWI_O4IcsWWdRLbXG8lc.jpg,OCEAN
MWI_NDgn0BxP54ZcFpQ6.jpg,MOUNTAIN
MWI_LQxab7LBtHqct0fy.jpg,MOUNTAIN
MWI_REavg7MiYFYXxKXy.jpg,OCEAN
MWI_l3UZmDPjGURbD3G1.jpg,DESERT
MWI_Qr0KfFqxfRsWqBVa.jpg,OCEAN
MWI_PyNMWPtNnoyY4ivU.jpg,OCEAN
MWI_mfDGyUUHeH2OLXpR.jpg,DESERT
MWI_qSWlBuE7IxbOTHg6.jpg,FARMLAND
MWI_Q1uhmj4jGEyDeI0P.jpg,LAKE
MWI_QEoaxiI7l17ahNZZ.jpg,FARMLAND
MWI_s2V50TIRlTzMN2A9.jpg,DESERT
MWI_OzDRJzbBpycXdmbS.jpg,DESERT
MWI_NmoCHFIWZV6XuE1l.jpg,CITY
MWI_oTS41QTVmL1yNjxX.jpg,LAKE
MWI_PoQ95tuBmPNrvnio.jpg,OCEAN
MWI_oufTUJAe2HebSREr.jpg,MOUNTAIN
MWI_RU5hitasYEkoTXzu.jpg,DESERT
MWI_KDDTIKoSiQgwZiUQ.jpg,OCEAN
MWI_MPgAw9V5mUVSRD8C.jpg,OCEAN
MWI_rGzhsMbCBlph0Y2K.jpg,MOUNTAIN
MWI_R4rDXVy55kUdby1y.jpg,FARMLAND
MWI_ohiB2o6dZtXcNE6f.jpg,LAKE
MWI_NIdEkHmUig657xbT.jpg,FARMLAND
MWI_qPWh9dzH2i5E5OEa.jpg,OCEAN
MWI_No3vLXsdyzoDeq6N.jpg,FARMLAND
MWI_rjfhgxRbcu5j85Xo.jpg,MOUNTAIN
MWI_r5SgI6SHQnh8rP6O.jpg,DESERT
MWI_NlhaDUlvUgQNLarQ.jpg,MOUNTAIN
MWI_p0rRgQy7CyIZZu36.jpg,DESERT
MWI_MSD9ZzNzgTggrsty.jpg,DESERT
MWI_PLgPy5fcOrxkSkRN.jpg,DESERT
MWI_PPl0kK2wezOMb7U7.jpg,OCEAN
MWI_lk3MtSe6Hp9T87Vg.jpg,DESERT
MWI_Qt8zvqIuhHpYDR19.jpg,OCEAN
MWI_OurqaToGS8KCZdMd.jpg,MOUNTAIN
MWI_L5HXzQLoqJHfwJe0.jpg,DESERT
MWI_Pj2V34OJL5uufjks.jpg,OCEAN
MWI_q1rPb6XAC5pUz5bt.jpg,DESERT
MWI_LuTzLkqFSjORLekt.jpg,FARMLAND
MWI_pdUH7ACZ4eyBlmjo.jpg,CITY
MWI_qQUPsvzBmnCTGaaY.jpg,DESERT
MWI_KMYKMj0RwuGgdFmV.jpg,MOUNTAIN
MWI_PADW37MOFT42EJV3.jpg,MOUNTAIN
MWI_kVp1blNPTNgWilXW.jpg,DESERT
MWI_nlfNE43uWGRHphhX.jpg,DESERT
MWI_OXjlzKxLCBe7njAU.jpg,DESERT
MWI_raNpizynY1lb3P6M.jpg,MOUNTAIN
MWI_OCFdeTNET41N2qnM.jpg,DESERT
MWI_nahWtAjXRDj8ohD7.jpg,MOUNTAIN
MWI_N8x6r5zZFSrOsUwz.jpg,OCEAN
MWI_mXs34EJO2WMjQ277.jpg,OCEAN
MWI_RASZmArikFjMPX9o.jpg,MOUNTAIN
MWI_OQJ7IBZuAuPA1Tgm.jpg,DESERT
MWI_PB19PtyvCvNUNvzf.jpg,LAKE
MWI_qyiYPWYsFoALIDwi.jpg,OCEAN
MWI_p0rzdQq49hInYrwB.jpg,LAKE
MWI_RfQOdctjmffD5G38.jpg,DESERT
MWI_KeGIT9RcfFu6e62L.jpg,OCEAN
MWI_RuZ2Pvepd6O5FizN.jpg,OCEAN
MWI_msH7htfq9FVPuHXl.jpg,DESERT
MWI_kSvBV0WSmA8FXEKQ.jpg,DESERT
MWI_mQ88wLAO5XyqsG4s.jpg,CITY
MWI_KdOad0YPpZZeuYB0.jpg,FARMLAND
MWI_RYEvUNVw7LUQrXyB.jpg,DESERT
MWI_Rt9GInn9p5Gq3zSc.jpg,OCEAN
MWI_qFDeE7lnqVcCA2vH.jpg,FARMLAND
MWI_oDUqSHfEgANl9MYa.jpg,OCEAN
MWI_KUlfVQX9VQm1kGMW.jpg,MOUNTAIN
MWI_lf1kHgyNP1YBeaz4.jpg,OCEAN
MWI_NAlcGQhiAgv1EkJU.jpg,DESERT
MWI_lg8sRa4ToZA93GUP.jpg,LAKE
MWI_moiHWn1Cc3uo3m13.jpg,FARMLAND
MWI_kUPyOMskLg34XOgD.jpg,LAKE
MWI_PoQIrtjNw1k0j0AL.jpg,OCEAN
MWI_KU3p0gSmLk7MInc7.jpg,LAKE
MWI_LrkWTvMsHkPzRRZm.jpg,DESERT
MWI_m2LUHRkfNjkdvzdp.jpg,DESERT
MWI_KWTZUlV6jEwlCRue.jpg,DESERT
MWI_PuPbZ13AewEiBv7i.jpg,DESERT
MWI_LyF8oS8E7c86blhf.jpg,DESERT
MWI_RBSsGImEHebDtyCF.jpg,DESERT
MWI_qyYfJfqPfdP8BLXV.jpg,OCEAN
MWI_MMdJnx8HFLpVqoig.jpg,OCEAN
MWI_kxhm17SlueNBllYP.jpg,MOUNTAIN
MWI_oAM9BE6XuBm4aWri.jpg,DESERT
MWI_MCsuBSRBRJGNk4hs.jpg,OCEAN
MWI_OkcKETMge1ptplGS.jpg,DESERT
MWI_PjiQj0BGxTRZHCE9.jpg,MOUNTAIN
MWI_N6A4dE4YpBRutlc7.jpg,OCEAN
MWI_rxCU7qv8piWl2afx.jpg,FARMLAND
MWI_M040b4vB8aLnTjqj.jpg,FARMLAND
MWI_n3MBjT7PiZwXjxSC.jpg,OCEAN
MWI_Mh2tnfMWw0yW073z.jpg,DESERT
MWI_l4YL232vd1bPKaUb.jpg,OCEAN
MWI_npgKvwmx0aEMVLV5.jpg,DESERT
MWI_RHmR3erJD4thlGeX.jpg,MOUNTAIN
MWI_r7TWee73zYuhxZUt.jpg,DESERT
MWI_OIYbIDfMi8mV1Dkl.jpg,LAKE
MWI_oebKAbodXegOa4Z3.jpg,MOUNTAIN
MWI_oL7kW6ZZPEDKQmdR.jpg,FARMLAND
MWI_RB1wiJwcirBaoVy4.jpg,DESERT
MWI_NZW21yGdUh1e7ceL.jpg,DESERT
MWI_kiStEwW26NJnV78y.jpg,MOUNTAIN
MWI_ocjKOAHKrkadiAEu.jpg,DESERT
MWI_nW6zmzcieXVQgimv.jpg,OCEAN
MWI_m9AW7Vz4NYnUbFye.jpg,DESERT
MWI_KUjCi9y5Hk6c10Nk.jpg,DESERT
MWI_kJ5e1cGXMDwzLlPK.jpg,DESERT
MWI_pncDWgaZzW0R2yWf.jpg,DESERT
MWI_PRqHqA9STIyAEigW.jpg,FARMLAND
MWI_nM4FKMzFvmkOxMYW.jpg,DESERT
MWI_RuJmkarTblL404nm.jpg,MOUNTAIN
MWI_KZHw11h9dmIvcg1d.jpg,OCEAN
MWI_pjquFOzODl81js4c.jpg,MOUNTAIN
MWI_ox6I0u6hJnzNzS4x.jpg,LAKE
MWI_R4MXYzbv30MDHgJG.jpg,FARMLAND
MWI_rJ1V5XRZB0XOkahE.jpg,OCEAN
MWI_mENs8HsAAdpDdwy9.jpg,OCEAN
MWI_niYIksJx56nPdgSy.jpg,FARMLAND
MWI_o3MudYi3dI393O9w.jpg,OCEAN
MWI_Lwq4dc9SGCpQ3LO7.jpg,DESERT
MWI_M2r0W2K7q3CBRUUQ.jpg,DESERT
MWI_OiemRRb3KWjcJWjn.jpg,OCEAN
MWI_NbbyxgeSSWnJzgaQ.jpg,FARMLAND
MWI_N2xaLVchvIFxSGYF.jpg,FARMLAND
MWI_PhGmJSwBLMblq7LH.jpg,FARMLAND
MWI_MHT9IL6A7qjsZPMF.jpg,OCEAN
MWI_rfnrQJcewKmn5e6Q.jpg,MOUNTAIN
MWI_l1OPIM1HKMdgDR91.jpg,DESERT
MWI_ngGyd71pzpFihgC2.jpg,DESERT
MWI_Km5OA1HapH5x3svN.jpg,DESERT
MWI_RO2ZBx7fAIcrGnsw.jpg,LAKE
MWI_lpT2nuqv78PqHSlL.jpg,OCEAN
MWI_lyjokgq6Jsj0wWvZ.jpg,OCEAN
MWI_mdXJLuK02cRXETWf.jpg,DESERT
MWI_krOozcwYyqj7iGhh.jpg,OCEAN
MWI_qcVrgrq2VH151rKu.jpg,OCEAN
MWI_kbTEjOqrAKksH9Uj.jpg,DESERT
MWI_lxqWgA7evDFNoWCk.jpg,CITY
MWI_NTAehLpJAcKUUacZ.jpg,DESERT
MWI_pmETaOG32FebIgTY.jpg,OCEAN
MWI_pNFzYXYtv7GJOmoQ.jpg,DESERT
MWI_ruS3hoRVd7tkvoU2.jpg,MOUNTAIN
MWI_ledo8tt7D10uEv4W.jpg,MOUNTAIN
MWI_o5U4pWh15rJKphrO.jpg,DESERT
MWI_rXrGHoifM0sEJlAT.jpg,OCEAN
MWI_rz5G62TIakZVFk0e.jpg,DESERT
MWI_QMlUqJMjI40EtDgs.jpg,DESERT
MWI_myEJNL12FJuO7cVC.jpg,DESERT
MWI_RY6n3bXPEFnDdbT7.jpg,MOUNTAIN
MWI_NkYYkb521ajBaAUn.jpg,OCEAN
MWI_mnxqju5oktMmyMkI.jpg,DESERT
MWI_n91U6Fzed6dKfmDh.jpg,MOUNTAIN
MWI_kkVGvZCEPsc68hCV.jpg,FARMLAND
MWI_s4BD8Ud5Gu91QwMl.jpg,OCEAN
MWI_Mu6UETmoYvLJf94C.jpg,OCEAN
MWI_oA4np3R5eevu8hsZ.jpg,MOUNTAIN
MWI_LgDxMZUaEQXkcnGC.jpg,DESERT
MWI_QlcyTuzWlRV04u6E.jpg,FARMLAND
MWI_m7pAH2UOo5I0k7Ir.jpg,LAKE
MWI_kTcEslmPe7DFUVVr.jpg,DESERT
MWI_Lm61pDT9BjSQrspH.jpg,DESERT
MWI_lvkqeCqxWAAYz5yS.jpg,DESERT
MWI_mwDUcvIhZcYK3HH6.jpg,OCEAN
MWI_RpS82GkCkVKUSlJV.jpg,LAKE
MWI_Mlqoqr60XVVoWwcx.jpg,MOUNTAIN
MWI_r0keF7q7yKIitZGW.jpg,DESERT
MWI_MNOoXB8ysEdDZo5f.jpg,DESERT
MWI_ncAISnrA2oJsUIxG.jpg,DESERT
MWI_RT1Y1wtbQUOhK1nP.jpg,DESERT
MWI_MZM5IZgBGjOx0lNo.jpg,CITY
MWI_Rec93GklXOREa2xY.jpg,OCEAN
MWI_oiL1uRsik2IZxoKt.jpg,MOUNTAIN
MWI_Rj82DY3oY3oSO5L4.jpg,MOUNTAIN
MWI_pW9YvXA35JyN6q1O.jpg,FARMLAND
MWI_rgMetcWCRPPiwFjd.jpg,DESERT
MWI_MFhY4g5MdPeY1Krz.jpg,MOUNTAIN
MWI_NtjCP3mFzP9XUvLm.jpg,LAKE
MWI_PNlLRBWIks7uZp1p.jpg,FARMLAND
MWI_RYT5VNMWco5BkgyI.jpg,OCEAN
MWI_RmXRYNttkFXP4M1V.jpg,OCEAN
MWI_mGjQ0pT3Huv4r5MQ.jpg,DESERT
MWI_npd6dsC4JbALKIrn.jpg,DESERT
MWI_RCXQmI04VVNJm9vw.jpg,OCEAN
MWI_Ko4gmaAotIqcRXTD.jpg,DESERT
MWI_kRv65DT5nuc6hUb5.jpg,MOUNTAIN
MWI_mEb5nWFMCjVldgl5.jpg,LAKE
MWI_qG04IrZqPo1NkLff.jpg,OCEAN
MWI_qnH2JeBigBiJWhDn.jpg,DESERT
MWI_PAX6SN2UAt0O3QMK.jpg,DESERT
MWI_Mti3ydKjaTvsVtzm.jpg,OCEAN
MWI_PnMZFdgErkpHf9TL.jpg,MOUNTAIN
MWI_QQTDsk4I6wj3oOzs.jpg,MOUNTAIN
MWI_QXtZ4gtaJLUZ9BHh.jpg,DESERT
MWI_p13neVE7patT7Pp7.jpg,DESERT
MWI_PgP9FXPxfzRyp8dj.jpg,DESERT
MWI_RJ6H6nUaCYadHfYi.jpg,CITY
MWI_PtVjur4J7TBGd3Hu.jpg,MOUNTAIN
MWI_Q2XdKRyHyGbpBvzj.jpg,DESERT
MWI_nPE7FQCqHRjNwZPH.jpg,DESERT
MWI_oh8WCCtgHYQp1eSa.jpg,MOUNTAIN
MWI_lcxNGyQlnayRQlvX.jpg,LAKE
MWI_o729ds2iz3TI5GBG.jpg,OCEAN
MWI_P7NPR10sINR8G8lT.jpg,LAKE
MWI_pNxeoBf4zg0xkoKw.jpg,DESERT
MWI_LDk3xind6kOR1rdP.jpg,DESERT
MWI_L2Fw6gmvA74vgv4W.jpg,LAKE
MWI_qi9Lx4qVOsFMEGUI.jpg,DESERT
MWI_PaKZEsXleNNhPofX.jpg,MOUNTAIN
MWI_pAhnbcD3CwtFmtRZ.jpg,DESERT
MWI_KpUaolvzraKQCPnp.jpg,LAKE
MWI_nkZEmIUMta033uOw.jpg,MOUNTAIN
MWI_lT4Qn0iT42FGeFRF.jpg,MOUNTAIN
MWI_PqAfDko00Rvx0zBt.jpg,DESERT
MWI_Q0svMbs6LlRk9kX7.jpg,DESERT
MWI_mtnFBT1f1cJoAk0U.jpg,LAKE
MWI_PGC6SCFhxidSf3Mx.jpg,LAKE
MWI_pKNkJZMa6ZEDOd5N.jpg,DESERT
MWI_ry7JYxdb5Ge5ZO1j.jpg,OCEAN
MWI_Ln70EkcYnvy7g2lv.jpg,OCEAN
MWI_RWdN9u98FOdqPfaD.jpg,DESERT
MWI_RZPBDOMhbD2znuX6.jpg,MOUNTAIN
MWI_RUgE9nBcWPyVnQ6L.jpg,OCEAN
MWI_ocWJmlk5cN6vVvX8.jpg,OCEAN
MWI_r9DmSjS4GHifTvZA.jpg,OCEAN
MWI_oMcS9DQJcwhaIyV7.jpg,OCEAN
MWI_QYEeWnEunCvR5wfM.jpg,FARMLAND
MWI_otdIk3CuvVlK3MzD.jpg,FARMLAND
MWI_nN5aYZNP4hMk7jMB.jpg,OCEAN
MWI_oVWFnbEoqFkNWKzN.jpg,DESERT
MWI_nwuHQNSfBzkfB3QC.jpg,DESERT
MWI_m9hyNQy9E5CvZ1AG.jpg,DESERT
MWI_p6u2BxriV8MG410r.jpg,LAKE
MWI_NNfXpZx0BWiALAhb.jpg,DESERT
MWI_pctyKzxVDSMzyZNj.jpg,DESERT
MWI_l1zh4zgEEKlHoceK.jpg,LAKE
MWI_nw8EyTHYjYFSj7w0.jpg,OCEAN
MWI_KRMQGnc7EAtEbXxi.jpg,DESERT
MWI_S4cmLvjZ6bOtk4Yu.jpg,CITY
MWI_p6NNABXnSQQHKKAo.jpg,OCEAN
MWI_nRWtFDCRoaPsowAM.jpg,FARMLAND
MWI_nfJJM1CTnUhib63E.jpg,DESERT
MWI_qos0hrL0sP8kjHkf.jpg,OCEAN
MWI_OpQPoh948GNH2WZi.jpg,DESERT
MWI_L5hsn3Ay3tAMrbcL.jpg,OCEAN
MWI_qVKUb1Ah3YKGUKe0.jpg,MOUNTAIN
MWI_RNhhFTkRqA7y6jsL.jpg,DESERT
MWI_kdrh7W8sjxFetAT9.jpg,DESERT
MWI_R6FYC7nNP192wDSb.jpg,DESERT
MWI_qrtkt7jpUIbiI1AH.jpg,DESERT
MWI_pZhRtUdNgahImfGl.jpg,DESERT
MWI_Q4Nbb3nxMOvyCyRt.jpg,MOUNTAIN
MWI_LVPvrazqKJ7q33zL.jpg,DESERT
MWI_KPI4FtMG4Gbglk0W.jpg,MOUNTAIN
MWI_oILuJ4iAbOakpLVG.jpg,DESERT
MWI_o2KNBcJUiFUWyfti.jpg,OCEAN
MWI_kh3gmttrMaCNOhIG.jpg,OCEAN
MWI_MYioxhsbtmocLSMA.jpg,FARMLAND
MWI_P5OxE1G9OJYXhgQ3.jpg,FARMLAND
MWI_nplEtqKUZBthEC45.jpg,FARMLAND
MWI_QmDBZSASKo9jluNo.jpg,MOUNTAIN
MWI_PcMOcAq55dcKCdUN.jpg,DESERT
MWI_n9QIxx5MusGF1u7h.jpg,MOUNTAIN
MWI_Mj7WzP3agGpTrlcJ.jpg,OCEAN
MWI_KZzJx39iR60ttkdp.jpg,OCEAN
MWI_LklqJXsfEhzrcdIp.jpg,LAKE
MWI_pihF1fdrIIfg6tFB.jpg,MOUNTAIN
MWI_MFL2tjsvrKTtQGGe.jpg,FARMLAND
MWI_Q13BaC3el1XxRkkk.jpg,MOUNTAIN
MWI_OryZtm0eagyPWE9D.jpg,MOUNTAIN
MWI_nBL0AbgXMo9jhedL.jpg,DESERT
MWI_OySdGlpYnMKK0tIF.jpg,DESERT
MWI_qyZdiHdLtnwYYu6y.jpg,MOUNTAIN
MWI_MHNi3pRPUyF0GY6D.jpg,MOUNTAIN
MWI_oUEWqe9DqL9oaiJ1.jpg,MOUNTAIN
MWI_Own35DcSee0n6m1l.jpg,OCEAN
MWI_qnmjgkZjVaPDcwCx.jpg,DESERT
MWI_ql2uLB2EPu064v8X.jpg,FARMLAND
MWI_l8e6p2S0CcP9KfZk.jpg,DESERT
MWI_Mdlv3xmwRWzTwlQJ.jpg,DESERT
MWI_QNeYATeoVjT9L9aq.jpg,OCEAN
MWI_s2l0T218Fq2lqtFS.jpg,MOUNTAIN
MWI_KnLcYjpwAJgygLmr.jpg,DESERT
MWI_KrhtEY5KrEOYb24j.jpg,OCEAN
MWI_ptAZfN0wIWDRh1N3.jpg,MOUNTAIN
MWI_NyK5uBvO3VNJ0Y94.jpg,DESERT
MWI_pUMhgsNpSKR18Fh2.jpg,LAKE
MWI_rI63ZwXQ0m36L623.jpg,MOUNTAIN
MWI_qY9M5h6o1LEIoDwz.jpg,DESERT
MWI_M5LvFCNAWpdtcOJy.jpg,DESERT
MWI_PFH9gNSthKteyOKk.jpg,FARMLAND
MWI_QbGNwvJV76RQwy0M.jpg,DESERT
MWI_nug2sbVrE3U4UCxT.jpg,MOUNTAIN
MWI_nYEdIt2YHguM1A05.jpg,DESERT
MWI_LCk9oLUvaR6DLitJ.jpg,DESERT
MWI_mviBWDFATcTXH6o7.jpg,DESERT
MWI_R9Tq04jc0cLB0GwC.jpg,DESERT
MWI_PPVYZxUXH2yKhXRy.jpg,DESERT
MWI_OMZRgNI1F85wooQg.jpg,FARMLAND
MWI_NCxdu3PxXpRPHI8m.jpg,MOUNTAIN
MWI_pofQD5OhVyPSBYdL.jpg,MOUNTAIN
MWI_LaUlVLnXi7lFCWYR.jpg,LAKE
MWI_L9O310qZSu8wSUEe.jpg,MOUNTAIN
MWI_O05oMQNShV9Kr10X.jpg,DESERT
MWI_Lj8wccuqhtrgan3k.jpg,FARMLAND
MWI_RbumbHSDszMfEgK6.jpg,DESERT
MWI_qdSbkdgWQQnAlgaK.jpg,OCEAN
MWI_nDSgWTB9PWIlUAZ9.jpg,DESERT
MWI_msTfsvImOQ8YwAL3.jpg,LAKE
MWI_r4ajmaH0PJU10qD5.jpg,MOUNTAIN
MWI_kZUMSavWHd7RCWSH.jpg,OCEAN
MWI_MPpB1tWh0UxS38wL.jpg,FARMLAND
MWI_pg8X78j6rdRthzyP.jpg,DESERT
MWI_MMxmBRPCdfHw9Psm.jpg,DESERT
MWI_Kz8ACSz7AVRIlAu7.jpg,OCEAN
MWI_mC2lubhrq3HEfSPS.jpg,MOUNTAIN
MWI_Mg7uulEM1MTbi4Sr.jpg,DESERT
MWI_rNtNdPw6mayK4gzJ.jpg,MOUNTAIN
MWI_KfybllapFZcQrEAf.jpg,MOUNTAIN
MWI_MUirlbY6u7vJm2lZ.jpg,OCEAN
MWI_pOOiIRKqJMR8Fgvn.jpg,FARMLAND
MWI_Qcy7BrhGGBUdSXiX.jpg,LAKE
MWI_QuKJ0YbNhl77g7O9.jpg,MOUNTAIN
MWI_rRsfFEixoqbOMFwy.jpg,MOUNTAIN
MWI_NZVc300vCCb8dFPf.jpg,OCEAN
MWI_qXEmt9V3e1dkKefp.jpg,DESERT
MWI_QeY88lWxKea2FnbM.jpg,DESERT
MWI_qNxYaS8OJCSCYaqm.jpg,OCEAN
MWI_kbVt6Sc8y1Kqb8wO.jpg,OCEAN
MWI_MF6l1d6kg6gbr0I4.jpg,MOUNTAIN
MWI_rV7rv8LrU6UCAQjm.jpg,DESERT
MWI_LbGthqxiGXkYRVC6.jpg,MOUNTAIN
MWI_RYAcoXwZ7tudwyc3.jpg,DESERT
MWI_Rt9IRuEMCOLcIlpa.jpg,DESERT
MWI_rnbSjT6xTCvHJn1L.jpg,OCEAN
MWI_L3NfVFyKPElEcZv8.jpg,FARMLAND
MWI_rKprZ2j00q99Urp7.jpg,MOUNTAIN
MWI_kzQsFTodSxbMAFXq.jpg,LAKE
MWI_ogornu7TyFJ9Ehgj.jpg,DESERT
MWI_NConUW2VDnunPtvY.jpg,FARMLAND
MWI_S4fMawQzPuBJDxqX.jpg,MOUNTAIN
MWI_RH0NeUdUdaACT2MJ.jpg,DESERT
MWI_KKUYQWHeAm4iJTct.jpg,DESERT
MWI_kgubpGsDaHzcQQGW.jpg,OCEAN
MWI_RSivccIazzlGiz8j.jpg,OCEAN
MWI_pif5J0bpkqDrgG3D.jpg,FARMLAND
MWI_s8Jos2wcHcmTqMJ6.jpg,OCEAN
MWI_Mw70lKxs0mvSsxHt.jpg,MOUNTAIN
MWI_QXdPUnQ82PDaZcQ5.jpg,MOUNTAIN
MWI_pzZu4J8B1uaHMKTL.jpg,DESERT
MWI_lybBNRmBxlGTuaPc.jpg,DESERT
MWI_lxRRo8ROxrUB2q3E.jpg,MOUNTAIN
MWI_ld0CUKXFmUH3O5Xu.jpg,MOUNTAIN
MWI_NtGKbb46XGFp7EzU.jpg,OCEAN
MWI_MPy1Yf0BscberULA.jpg,MOUNTAIN
MWI_nyf55wZT8wZA2z8n.jpg,OCEAN
MWI_QlYZsRuPdjUbNEGk.jpg,MOUNTAIN
MWI_nF2JNxxTPCJIA3uj.jpg,FARMLAND
MWI_osj4Y5uqNFVENhTC.jpg,DESERT
MWI_OjvpINIVRWsQGWrS.jpg,OCEAN
MWI_LIVsG3HijP8kXByI.jpg,FARMLAND
MWI_llhtI7B1ZDo7hB1n.jpg,MOUNTAIN
MWI_RxmFhXoF7Tg1NYSH.jpg,FARMLAND
MWI_kgcHCMdq7Avl499j.jpg,DESERT
MWI_MSNJuw9kSdjnzFmB.jpg,DESERT
MWI_neo5KLkTwE41QeB0.jpg,DESERT
MWI_ns3kYSoEqGVMjac7.jpg,FARMLAND
MWI_QZ8DyDbNq4OuQHyw.jpg,OCEAN
MWI_PKOXRgpb6yQA2tHt.jpg,DESERT
MWI_lo1N0n0wyRmWHqis.jpg,MOUNTAIN
MWI_pcApCzbW6E2OzvoY.jpg,DESERT
MWI_Ourshf7BQKkFDFFT.jpg,DESERT
MWI_NwihNNU5qJE2grHk.jpg,MOUNTAIN
MWI_pooD9ABRm1dbmxeX.jpg,DESERT
MWI_PMUNb8hFDakPaVUt.jpg,FARMLAND
MWI_M4vKeyWP4Rm215ir.jpg,DESERT
MWI_oqT8iOJJJgp0NqDt.jpg,MOUNTAIN
MWI_MvLiCnWCNOP01oUw.jpg,LAKE
MWI_RNiYnebyKnEuldwY.jpg,DESERT
MWI_O0ZY2rA98DdC3oEJ.jpg,DESERT
MWI_ONOdlg5vT6sWo8Ko.jpg,DESERT
MWI_qOJAvB9WowM6B52m.jpg,MOUNTAIN
MWI_QPhZzcymMDmM0lzy.jpg,DESERT
MWI_O3RbA29q7XTi1Ewd.jpg,MOUNTAIN
MWI_QctDTs4KEUAGUJww.jpg,FARMLAND
MWI_OgOG8Ru8VGGMZGE8.jpg,LAKE
MWI_LAdc6K17Smmnv57X.jpg,MOUNTAIN
MWI_r1EykCzq864zKDna.jpg,MOUNTAIN
MWI_rYhqTPCyWRkm9nQS.jpg,MOUNTAIN
MWI_NEnSNDpsoHSvvQJF.jpg,DESERT
MWI_rOhqFyDUpooQKpKp.jpg,DESERT
MWI_LfgLZIHRGugSlD7g.jpg,CITY
MWI_Oz32FjZeMrFqiqfn.jpg,MOUNTAIN
MWI_PD9cyLewHtUdd7qv.jpg,FARMLAND
MWI_OkTyUpEQaxjroe4I.jpg,DESERT
MWI_oYCw0LjmAH8cnlEd.jpg,DESERT
MWI_MCwmu21Jq01wOss8.jpg,OCEAN
MWI_Nm2ViLENsOpiBQLi.jpg,CITY
MWI_KX62wnHkQzL2QL19.jpg,LAKE
MWI_OE6NiKV7ZwRC3JGr.jpg,FARMLAND
MWI_nZckumRfNaoMvBXR.jpg,OCEAN
MWI_s8gMVZYugHHFmUyg.jpg,DESERT
MWI_KTYsevIej2kX7zzs.jpg,FARMLAND
MWI_oQRzIq3xE6hoUBeY.jpg,MOUNTAIN
MWI_LmL2iNAI6Fs40MRk.jpg,OCEAN
MWI_nYjwDPWsjs5zstTc.jpg,LAKE
MWI_PYeC7VAuMQEeRCCd.jpg,DESERT
MWI_Pr1OKl8ezUf9eRDV.jpg,MOUNTAIN
MWI_lbiGVf6V47hVWZzL.jpg,DESERT
MWI_rw9MRJc80XonaPMP.jpg,CITY
MWI_KOfHtHYToZYmlcYe.jpg,FARMLAND
MWI_kiKMiVpp3Eh4cDV1.jpg,DESERT
MWI_RFNgCo71QFke5n6z.jpg,DESERT
MWI_m0EKkSXw615thDa9.jpg,MOUNTAIN
MWI_PpwvPh7fqDZ4PWtY.jpg,DESERT
MWI_maS2WwqL1C4mku7q.jpg,MOUNTAIN
MWI_lm17uSR8M2Eu7rma.jpg,OCEAN
MWI_qJTbPWJNhW7nkej2.jpg,DESERT
MWI_n0fzj8VGx7DUE52a.jpg,DESERT
MWI_LWiXjBpKyXsoEspp.jpg,DESERT
MWI_qNUCA0MLTzCnOcrv.jpg,MOUNTAIN
MWI_qS4DjImWPKFRzYtZ.jpg,CITY
MWI_QC69NXHWPqapzyKk.jpg,OCEAN
MWI_o9jF4DGmCkxGWvqK.jpg,DESERT
MWI_qJ2mQLfoPmpyHeyK.jpg,MOUNTAIN
MWI_rgKRvIh7TxHULH68.jpg,FARMLAND
MWI_kmVOP2gpiEYlovQq.jpg,LAKE
MWI_nrIV7bG9GJ56VNyU.jpg,LAKE
MWI_PWiD8Ef6k7dWnhVH.jpg,MOUNTAIN
MWI_pRZ61ClfBzlAAWXO.jpg,DESERT
MWI_ntyCZ19KbTtUkE1c.jpg,FARMLAND
MWI_plpMBFfBDfRqxPmb.jpg,DESERT
MWI_r0F1ylZnoC90DBqg.jpg,OCEAN
MWI_r7XLcGUlYzTDTyGF.jpg,FARMLAND
MWI_paiIDtbKOvuzUhVb.jpg,OCEAN
MWI_KdDz5cwvbEfwqG3L.jpg,MOUNTAIN
MWI_RToNM3AVHRASOrgd.jpg,DESERT
MWI_PD95x74e1YlaRh4l.jpg,OCEAN
MWI_RkB5A5G4MimEgk2G.jpg,OCEAN
MWI_ORLySA9DaH7wI9rH.jpg,DESERT
MWI_pv5XBgAZRuwTl5fj.jpg,MOUNTAIN
MWI_NLCaJZyb3SnWzTwm.jpg,MOUNTAIN
MWI_QqAxSGD35gm42Wb9.jpg,LAKE
MWI_neHi2xJeh2YuPFNp.jpg,DESERT
MWI_OGv8dlcg4OiJp0So.jpg,DESERT
MWI_KKYSmFI1jRRVBfXF.jpg,DESERT
MWI_PYuKXJ4d4Pe2XL1n.jpg,CITY
MWI_QYe20DgnCt5zjl1D.jpg,OCEAN
MWI_PBhQhLgAIEBP9ij4.jpg,MOUNTAIN
MWI_mdGR6FmY0fAQtteY.jpg,DESERT
MWI_l7FLd8hJD6ZNeEhL.jpg,FARMLAND
MWI_MDxpg021nZBdWeU1.jpg,DESERT
MWI_OcoY8mFkMpDCx1Bu.jpg,LAKE
MWI_KGyaY4DsFT5t6BRn.jpg,LAKE
MWI_m2d5ql7tZnl7GnjN.jpg,LAKE
MWI_KMMpDykMjm1iG98O.jpg,LAKE
MWI_mFqp827MARyfeXKo.jpg,DESERT
MWI_p4KnCjbREY3NrP8Y.jpg,OCEAN
MWI_Qa5s6wg9PLZOgZp6.jpg,FARMLAND
MWI_R6ECnUqlLHb3E1AH.jpg,OCEAN
MWI_rsy8NPEOVl8eZSnO.jpg,OCEAN
MWI_ROBfFMmgZHGM5rEK.jpg,FARMLAND
MWI_R17D4qsEozhCyo9X.jpg,DESERT
MWI_lBqD3akb2anB7p7g.jpg,OCEAN
MWI_s5GwvnKVlu0HDG2h.jpg,MOUNTAIN
MWI_nE7pOcCGy2VkmpW6.jpg,DESERT
MWI_Nqk3wjPEpn5acQXS.jpg,DESERT
MWI_KJeyTCCpiyVllA3U.jpg,DESERT
MWI_OAdH9fTjvwkCfJde.jpg,LAKE
MWI_KD96UmGQ6KWVeohF.jpg,DESERT
MWI_oSDk828DguvKMv48.jpg,OCEAN
MWI_PLk6fZimtXJBqJDV.jpg,FARMLAND
MWI_nTaMZG2SseVw4zS1.jpg,FARMLAND
MWI_rtp99HmfLdRGQFgU.jpg,DESERT
MWI_Py8HxIFfRmSfcbEw.jpg,MOUNTAIN
MWI_QyunYZF4JAVjKVCf.jpg,DESERT
MWI_mFnjwKsvjr4azWZ7.jpg,DESERT
MWI_LEbgTRCJvGOOH6Ln.jpg,MOUNTAIN
MWI_LD8v0b8KEbNqPLky.jpg,DESERT
MWI_MYkMMN1bG5wJyABK.jpg,LAKE
MWI_OKPZaVaONzYmLtqk.jpg,DESERT
MWI_mFVjOcg6tVqT0i56.jpg,MOUNTAIN
MWI_m1MWpyfnV8Wou67F.jpg,MOUNTAIN
MWI_lHFhfsD0xykUQ9U3.jpg,DESERT
MWI_NahvCAAW3JZukmMS.jpg,MOUNTAIN
MWI_PP9psirmymJb7SNg.jpg,DESERT
MWI_OAQlnnMcyaoM8nHk.jpg,DESERT
MWI_klfNZoF61UfGts6m.jpg,MOUNTAIN
MWI_nsYUKgp6CeJ6kQKu.jpg,DESERT
MWI_ocsG7fhA0DXbhcwJ.jpg,OCEAN
MWI_OiDy0guDLLNN7A4o.jpg,DESERT
MWI_Ph96ukXDPHFwDUbO.jpg,OCEAN
MWI_kSRCyXesSNlLNTOw.jpg,LAKE
MWI_QWkzHB52kI7XD26u.jpg,OCEAN
MWI_knRjPGtwEQ2wZNvG.jpg,LAKE
MWI_oMfBtz3lDQ3ugmfV.jpg,OCEAN
MWI_mQ0JPWiVkwNsJbnY.jpg,FARMLAND
MWI_NOzDMXytGCXFWbse.jpg,MOUNTAIN
MWI_ogP0siofwO8z4Meb.jpg,MOUNTAIN
MWI_NGUyIslONP7NOAqn.jpg,DESERT
MWI_qphCQY5i9K7PfhRe.jpg,LAKE
MWI_nVdgIBU24gZG5TzZ.jpg,FARMLAND
MWI_QQtcQ2eRWeGPXD7K.jpg,FARMLAND
MWI_p5qoUAbZeL98aRRJ.jpg,DESERT
MWI_OMeJDxuLer39Lw2s.jpg,DESERT
MWI_KERiJD55HvBKIhmL.jpg,MOUNTAIN
MWI_q0fLv5dR2uvypAks.jpg,FARMLAND
MWI_QsLneDSsmuD84JPz.jpg,FARMLAND
MWI_lQzs2rQgM1mjW3Eq.jpg,DESERT
MWI_okgQ49OI0H3yEbza.jpg,DESERT
MWI_PZ8fZE0BgSBmFjE1.jpg,DESERT
MWI_N3QcJqqQhudsK0ef.jpg,DESERT
MWI_msW70oomuSgpLz27.jpg,MOUNTAIN
MWI_OIY7gLRBamCGM5WE.jpg,OCEAN
MWI_kudY9TpBOgDQ3CCw.jpg,DESERT
MWI_q3cgIRZo357QHL81.jpg,DESERT
MWI_MFISYovEzkx8J7Xe.jpg,LAKE
MWI_n5nX3ynXKONae15U.jpg,DESERT
MWI_nlkqArsyLF1ee2bx.jpg,FARMLAND
MWI_mB89uSNcPXo9Uxrg.jpg,DESERT
MWI_MpKjFg8CgSD5Dy1e.jpg,MOUNTAIN
MWI_pWNsy9Behr2N0q4R.jpg,OCEAN
MWI_m1mk6DCJLYGKuYSD.jpg,OCEAN
MWI_KvYiUoMMHH8mCHPP.jpg,FARMLAND
MWI_pgbe0cfZvhMMDPSk.jpg,FARMLAND
MWI_NTCxiTJyDqqRrK30.jpg,OCEAN
MWI_lII1cqONjwLiUlrF.jpg,FARMLAND
MWI_L2o1pk6b2qNdsqJe.jpg,LAKE
MWI_R1GeIgo5txWzt8r3.jpg,OCEAN
MWI_rRniGbYL1A33lSJ2.jpg,LAKE
MWI_l3G3S3Lw1jLb8ryZ.jpg,DESERT
MWI_NVLTe9DLCfm6TbZc.jpg,FARMLAND
MWI_lwYjuq32ktwK10Ye.jpg,OCEAN
MWI_N47peQl5by0RpH8W.jpg,OCEAN
MWI_qUbeZPL3sMglTXVW.jpg,LAKE
MWI_KI4Wzn06sEOLFHD4.jpg,LAKE
MWI_QBp1WtZqusuLBB3Z.jpg,FARMLAND
MWI_RT8Pvs33oglx50hF.jpg,OCEAN
MWI_nptXzCwdTkDMeBGo.jpg,MOUNTAIN
MWI_otQBlkfnCPOZNS5v.jpg,DESERT
MWI_PzSlcBfptfNWS84K.jpg,OCEAN
MWI_rfov1P2114UrUcfb.jpg,LAKE
MWI_RBXGmCdX3RhmZPLp.jpg,MOUNTAIN
MWI_QKpHzxek3s1UAldF.jpg,DESERT
MWI_la4TLResTjmyy6L6.jpg,DESERT
MWI_LWZ2zCRo1EhIEQff.jpg,MOUNTAIN
MWI_QvJyKEKdiDwmJhYK.jpg,OCEAN
MWI_lNigeOLHgdfTJ2zn.jpg,DESERT
MWI_rd9OKCnYiJm0MxJC.jpg,DESERT
MWI_mzgAVc0kAyeiiatT.jpg,FARMLAND
MWI_s8cXI99nJNDiXXNc.jpg,LAKE
MWI_ppSsof1Mz53XejOf.jpg,FARMLAND
MWI_QRxZKWWfsQY28YxC.jpg,DESERT
MWI_OlDlVmlDUNCudOmZ.jpg,DESERT
MWI_pNvIGpMjAOwv9fa4.jpg,MOUNTAIN
MWI_opRiSiKXcAR3OEnn.jpg,OCEAN
MWI_OgtZ0L4EThAuGlhH.jpg,DESERT
MWI_m2shhMwgystX4f4P.jpg,FARMLAND
MWI_kQiqJW0mjea3rGpR.jpg,MOUNTAIN
MWI_Nk7fPZsN3dzGczQF.jpg,DESERT
MWI_rDrAZVfYTca6Ymic.jpg,FARMLAND
MWI_L1DpASrtOC5Ka1C7.jpg,FARMLAND
MWI_plIOcabi07lqnBBE.jpg,DESERT
MWI_mYS50WMz425yri82.jpg,MOUNTAIN
MWI_QP6eI2E2T7Vh5iMA.jpg,MOUNTAIN
MWI_n10AEVBiW136mcBC.jpg,LAKE
MWI_nkNGvJl0sOHNhQ2p.jpg,MOUNTAIN
MWI_QbJIUWiJTlauDx4M.jpg,MOUNTAIN
MWI_pMdOYazT8WsEbn0g.jpg,FARMLAND
MWI_oMHVR9yYFrCJG2Eh.jpg,DESERT
MWI_okB4tpaxETcFxVpV.jpg,FARMLAND
MWI_rMyReae2R4GRvcvI.jpg,OCEAN
MWI_LokK0QQKtk5Tdkfe.jpg,MOUNTAIN
MWI_L7ojsg6I64RqZrV5.jpg,OCEAN
MWI_r1y48TKe41Vr9qVp.jpg,MOUNTAIN
MWI_RgiZsBbLqTAqSqKF.jpg,FARMLAND
MWI_OcXaNQBoJlRZfXY4.jpg,MOUNTAIN
MWI_nhDXsrPVPl4tPdkE.jpg,OCEAN
MWI_l2q3jprqMYyxaX8I.jpg,OCEAN
MWI_pDeZdmfv7vX0EFK5.jpg,MOUNTAIN
MWI_QyRdP6KNVKOzBthD.jpg,OCEAN
MWI_KmgNZewDcq7hDhva.jpg,MOUNTAIN
MWI_RRzOhln3SEO9Jj2y.jpg,OCEAN
MWI_mzIJRdFNPP1e2e2V.jpg,MOUNTAIN
MWI_pP5Gp9nBBy2u7u7Y.jpg,MOUNTAIN
MWI_OAAnY2cLlOuILm5C.jpg,DESERT
MWI_oBKXF39IpwkSICmn.jpg,OCEAN
MWI_P3RjaeaEONdjLh8Z.jpg,MOUNTAIN
MWI_mibuEWso08eAcej0.jpg,DESERT
MWI_NxLbbdR9EnR2Oih9.jpg,OCEAN
MWI_mub4p0gjk5fIbY0A.jpg,DESERT
MWI_kEBZAzvhXxZ31cJs.jpg,OCEAN
MWI_kxHXuBpCmrHHs0L9.jpg,OCEAN
MWI_o0w5dIY2F2dFgCgo.jpg,DESERT
MWI_nJnK46dxVED0xUd2.jpg,MOUNTAIN
MWI_q9ZmgC98yL4InnN2.jpg,OCEAN
MWI_QzU2F1fsZHbww0WJ.jpg,MOUNTAIN
MWI_NOuMX9kUviTiZujW.jpg,FARMLAND
MWI_Ry9Xfa8TZr89Vovx.jpg,DESERT
MWI_OEvo2sqI9z89zAQl.jpg,FARMLAND
MWI_nDjhhdNbaIE8CSGM.jpg,OCEAN
MWI_M84oCPYIy1PhQPVY.jpg,MOUNTAIN
MWI_lZZiJNQYDty0HDh6.jpg,DESERT
MWI_qqKTpMHOfa2ohtsV.jpg,MOUNTAIN
MWI_p5JVjYuATJuoJt3D.jpg,DESERT
MWI_KoiMIeUUeYCT4Nlb.jpg,OCEAN
MWI_lcmOXB8bru3ionfa.jpg,OCEAN
MWI_PTnLMnvXjFN7274u.jpg,OCEAN
MWI_R7N9EWymmYN6KGuW.jpg,OCEAN
MWI_keGQLNDtit2H1rYl.jpg,DESERT
MWI_p7YxbvtWnw9RWJcY.jpg,FARMLAND
MWI_OMhA94em5q2jN9w1.jpg,DESERT
MWI_LubI4w97wjarKG3f.jpg,DESERT
MWI_lEu1JhoX0A9TgABs.jpg,DESERT
MWI_kgTjrQlxEcVR0PAC.jpg,LAKE
MWI_Ln8mZ5g43c7zVBXZ.jpg,DESERT
MWI_QH5IQg8BtuINMG6x.jpg,FARMLAND
MWI_qaAhSUNpCrHLTVno.jpg,FARMLAND
MWI_lTkRHcgjW7qIuFh3.jpg,FARMLAND
MWI_RkZXYbpRcjZ2zOa8.jpg,LAKE
MWI_mRvxUNh4G3H2ow8W.jpg,DESERT
MWI_qdUQjJkRw1XeKCpy.jpg,MOUNTAIN
MWI_NqM6zXBrkgVwTMAg.jpg,OCEAN
MWI_RXu69xiyhoLnQaSD.jpg,OCEAN
MWI_nRRkuzjQa5KOlUJl.jpg,MOUNTAIN
MWI_N6zkVLCyApbTtlnO.jpg,DESERT
MWI_LlF3UnFZoAPm9Gd2.jpg,LAKE
MWI_mJrNVwfu1GeYCapG.jpg,DESERT
MWI_MDLVJS99RS3z1wep.jpg,OCEAN
MWI_OjFA3DiiR4AGdN4t.jpg,CITY
MWI_P0mkSkwexEnFi1Ll.jpg,DESERT
MWI_oMS0QNylVBXC1H0x.jpg,MOUNTAIN
MWI_oxd1xqmVO85UB2iV.jpg,CITY
MWI_OZ5IkNWqUmZzZbZr.jpg,MOUNTAIN
MWI_rYuRE0lv3ZTpMGrX.jpg,MOUNTAIN
MWI_qcjK9x3IMoBAfvHk.jpg,OCEAN
MWI_oDUXSReXbWIQlSoT.jpg,MOUNTAIN
MWI_nMMEVr28Xwqlgm4b.jpg,LAKE
MWI_NH804AjEPH2rJsVv.jpg,DESERT
MWI_KiJKVr1IDDybkvxC.jpg,FARMLAND
MWI_p7u6gZHdFMOGoNsy.jpg,OCEAN
MWI_PTc5Th5m49sjtMBP.jpg,DESERT
MWI_KVzlbKgzgndDzEs3.jpg,LAKE
MWI_QteJL8ix2DsCXJUc.jpg,MOUNTAIN
MWI_RW6RNKPMGQwrYiVe.jpg,FARMLAND
MWI_R2zGcDaTGqWvgERh.jpg,OCEAN
MWI_NlwFM4CUOzYbZxrs.jpg,MOUNTAIN
MWI_oaVTcExjXIDsCwbB.jpg,OCEAN
MWI_kH5DOUfagH2K4dCy.jpg,DESERT
MWI_oIMop9gJ6YHvoPQQ.jpg,FARMLAND
MWI_QTIXfOAS7YzcpMH9.jpg,MOUNTAIN
MWI_pAEQY2ZHLU4KsKFA.jpg,MOUNTAIN
MWI_mHetdwCEXlAbyKwf.jpg,FARMLAND
MWI_PXZ1OogfkW3phpbl.jpg,MOUNTAIN
MWI_QX0tZLXMojDjVfYf.jpg,MOUNTAIN
MWI_QxMUNKqAJu6xb8TN.jpg,FARMLAND
MWI_R3j1lJleQDIchpJO.jpg,DESERT
MWI_KfN6OMmv5KlwIHAF.jpg,OCEAN
MWI_rdChxv2qSaRYWe2r.jpg,OCEAN
MWI_PxGSW6QEBLRZVwUb.jpg,OCEAN
MWI_Qca5TMQAh8DUUGoS.jpg,MOUNTAIN
MWI_oipLEWye9VvDd6F5.jpg,MOUNTAIN
MWI_RfByIoQn6mhr1pFs.jpg,OCEAN
MWI_oLtgN6poUXEDsEno.jpg,DESERT
MWI_mT5idN3JrsQApa01.jpg,DESERT
MWI_rMsc4BriBGJodyfk.jpg,MOUNTAIN
MWI_kjn42NT7VxTSZ8QX.jpg,MOUNTAIN
MWI_OcUHnW6vsgAwLuUz.jpg,LAKE
MWI_qzxTaPmuwr3crCXq.jpg,LAKE
MWI_qJzzsa8CcJGnRq9o.jpg,MOUNTAIN
MWI_ozOx51T7HCDykNTZ.jpg,OCEAN
MWI_kJ7IQnJw9Nvf5CvL.jpg,CITY
MWI_p9Z6DQ1bxjd9Jh6p.jpg,MOUNTAIN
MWI_OkZy3sSDgVCpnMVF.jpg,MOUNTAIN
MWI_Kwzx61h66yQIXKlW.jpg,DESERT
MWI_PXalqWP1ZqYYeC2J.jpg,DESERT
MWI_M40uRx7ljWRM60fd.jpg,OCEAN
MWI_rvfFm6NY0BUy5ZDD.jpg,FARMLAND
MWI_MRHlWEryrP5zWolp.jpg,FARMLAND
MWI_KRkVtteHVWZohG05.jpg,DESERT
MWI_nKD19ALG4PX6wSjg.jpg,DESERT
MWI_OvNL5dq7hyRqJYU4.jpg,FARMLAND
MWI_qxOZcT53j2DxGrWg.jpg,DESERT
MWI_nC0B10E0oHliRm7P.jpg,LAKE
MWI_rUSUTM4zH1DDP9tL.jpg,DESERT
MWI_P2jR3yDp7XkgXKsW.jpg,CITY
MWI_R3hnARPoMpMUU7RF.jpg,DESERT
MWI_puFWChqBe8khJotr.jpg,OCEAN
MWI_QnXGaEpWTsHWjIDp.jpg,DESERT
MWI_PXn1oOpo3n4ntuil.jpg,FARMLAND
MWI_ovGIPp3r5ruwBrEG.jpg,DESERT
MWI_M9f5eaHiKAowHWl0.jpg,MOUNTAIN
MWI_LNXxH9gPKLEe1hFn.jpg,DESERT
MWI_LjSNi6lZwWwAVdi6.jpg,MOUNTAIN
MWI_pX6t5Gtr2tVTQuiG.jpg,DESERT
MWI_LtFjjBBWWciVgEpX.jpg,MOUNTAIN
MWI_pCr9vNp8RRMXrqsN.jpg,LAKE
MWI_OfLotd7Nu17abbmn.jpg,FARMLAND
MWI_RZDXrspEjdHw8UAr.jpg,DESERT
MWI_kwAG4yxraTC6jijU.jpg,MOUNTAIN
MWI_O18EAMWCJk4JF8L0.jpg,FARMLAND
MWI_NHIBuNNKgk22HkiY.jpg,DESERT
MWI_mzyyTkJdSWQMZV8G.jpg,MOUNTAIN
MWI_NjKgiQgacIfHehsE.jpg,MOUNTAIN
MWI_N4paq6W8HN9EFw7J.jpg,DESERT
MWI_RHUWHkiG9iwfyALK.jpg,MOUNTAIN
MWI_r5WGeE7Tunb1I76l.jpg,DESERT
MWI_o7YfHSW6uEkJFkTY.jpg,OCEAN
MWI_km6UlVImm1hd9hBx.jpg,MOUNTAIN
MWI_P0fZSf1ffE65wyvb.jpg,LAKE
MWI_mU4FiBHotbwDtQ5l.jpg,OCEAN
MWI_oexG3OFnqpBhSKBv.jpg,MOUNTAIN
MWI_ribtaYOxlSmZIF1u.jpg,FARMLAND
MWI_pHrt0H88SYlaHdxB.jpg,OCEAN
MWI_mhdbXbMTayEzfINP.jpg,MOUNTAIN
MWI_Q5N5xGerJaVYqJgy.jpg,LAKE
MWI_LVfCPoqnK4EGKZTR.jpg,MOUNTAIN
MWI_RLIkxYoLiJActORt.jpg,MOUNTAIN
MWI_pAs46Z4QN5VWkNVU.jpg,DESERT
MWI_oRW0TkjwBFywxMd7.jpg,FARMLAND
MWI_nDimUcSn9xWyqHBl.jpg,MOUNTAIN
MWI_nnVX2bChy7M6g5ai.jpg,MOUNTAIN
MWI_Q8YZfCb9AcP5NV3x.jpg,DESERT
MWI_MApPCmdc9h0rP4b9.jpg,MOUNTAIN
MWI_RqXDhAJOYezUC9RI.jpg,MOUNTAIN
MWI_riWxmmjJGJfZdaXG.jpg,MOUNTAIN
MWI_PRHGu5KFkw9AT1Rh.jpg,MOUNTAIN
MWI_ra5PEJajNJwnid9f.jpg,OCEAN
MWI_Q88nPuEc7MMBr3io.jpg,MOUNTAIN
MWI_M2wxrEIjVm2Gqqbc.jpg,OCEAN
MWI_m2eo8tvNu0O1HCs0.jpg,OCEAN
MWI_NNbIRPJEuQOZsR1A.jpg,DESERT
MWI_PE6iHq4tQa9D4fMA.jpg,MOUNTAIN
MWI_Pp794iiPpbBLlE8l.jpg,MOUNTAIN
MWI_mGWh5faOOuMrknlC.jpg,DESERT
MWI_oT5raHAS5pKw5O7K.jpg,DESERT
MWI_PhuGKV8JDl0rxsQE.jpg,MOUNTAIN
MWI_MPkrdejnRgwakIZN.jpg,MOUNTAIN
MWI_Ld5AbpqX3yS4Vid3.jpg,CITY
MWI_RX1G7xBBQ6xNIACe.jpg,DESERT
MWI_s5r88rnOtm3KriE1.jpg,OCEAN
MWI_MDEZVEI7K3WsDFiV.jpg,MOUNTAIN
MWI_Ogexy5w6laQ0yNMs.jpg,DESERT
MWI_MtGUUsMOprdJ7PW6.jpg,OCEAN
MWI_R8bleRpNwoTW2NCI.jpg,OCEAN
MWI_rybsI4owAMN1gWRq.jpg,DESERT
MWI_Odbg0mw6qGvH6I2Z.jpg,DESERT
MWI_LxxQtbh0yl1DGdGO.jpg,MOUNTAIN
MWI_qCvDg40p17jJzhWT.jpg,LAKE
MWI_Mz8CPOvUllVfmOl6.jpg,OCEAN
MWI_NW8K10ZMujyfq5kW.jpg,MOUNTAIN
MWI_RRgmFbplpvEADbyG.jpg,DESERT
MWI_rresgjFBZukS4Mzc.jpg,DESERT
MWI_oj97TBTIUZrlW3Rn.jpg,DESERT
MWI_RgmriSdHULs9x6R7.jpg,MOUNTAIN
MWI_s7JexiPnRc2cTiyZ.jpg,FARMLAND
MWI_mS6mClLAOKfpzDnl.jpg,DESERT
MWI_RXvFdIseHDMVgStf.jpg,DESERT
MWI_LazQe7A5g5znd1LG.jpg,MOUNTAIN
MWI_keKmN27PGtAaCWaU.jpg,FARMLAND
MWI_OGhWPdzZgWemc6WW.jpg,MOUNTAIN
MWI_MG3tyDTbLZ6MMkSw.jpg,MOUNTAIN
MWI_QU2ZbXceJydfV8f0.jpg,FARMLAND
MWI_oSMvShrOitHy1wm5.jpg,MOUNTAIN
MWI_KOuYd8nbv8PmZFUR.jpg,MOUNTAIN
MWI_R698PZtDWVGgWxkE.jpg,OCEAN
MWI_nLCr6Sz1oiHRnSHg.jpg,MOUNTAIN
MWI_KQdHHrLTkt24MR5Z.jpg,OCEAN
MWI_NNyygbF4KOuFtxHh.jpg,DESERT
MWI_KckPhS82bs1pVhEp.jpg,FARMLAND
MWI_kXrfrdTVupK3AtAj.jpg,MOUNTAIN
MWI_o6g3twKFSNwDJFht.jpg,DESERT
MWI_QrwbPy4QwynW5h1c.jpg,LAKE
MWI_QcVb7WJJHSHgPoq8.jpg,MOUNTAIN
MWI_MS4QPPfTxpBeTEUh.jpg,CITY
MWI_mTHRbnre1cZnYoGi.jpg,OCEAN
MWI_RZnWEPKhwCpeLLec.jpg,FARMLAND
MWI_nr8XoKIY41Mhz7Y4.jpg,OCEAN
MWI_QN2IsB4ozE1qDLFw.jpg,DESERT
MWI_NZ64AMFoXV2TPYEh.jpg,LAKE
MWI_pzViot6uvDyYbg7Q.jpg,MOUNTAIN
MWI_LDONsX1YzXuCVom0.jpg,MOUNTAIN
MWI_M9itBlX3A8PqParF.jpg,DESERT
MWI_ke9KGa5vtlnZ0sF4.jpg,OCEAN
MWI_o8VFxCxHOYOzxEOP.jpg,DESERT
MWI_q89WiwqWRifad68U.jpg,DESERT
MWI_QbWmb9m7ud4ASsYw.jpg,FARMLAND
MWI_LgJKh9SyBlWjwJXB.jpg,FARMLAND
MWI_qEaXRt8bMSNbkL0E.jpg,DESERT
MWI_Liy4HcphmDt9RD7o.jpg,MOUNTAIN
MWI_mFdKfQ9D3GYOmI0Y.jpg,OCEAN
MWI_KF9KpqQNNMVSsUKH.jpg,MOUNTAIN
MWI_qFFbRwML9Xb3hAMc.jpg,LAKE
MWI_nS53uOaqokxfVc2O.jpg,MOUNTAIN
MWI_MdfoBKzso54AJZNz.jpg,FARMLAND
MWI_OJeHKaNZwgAylSzA.jpg,DESERT
MWI_s0xETwFVr9citUQQ.jpg,DESERT
MWI_oxFd88aZtVBuEl70.jpg,MOUNTAIN
MWI_PMtwwkuSZk3VhFUW.jpg,LAKE
MWI_KSoHdAVHlpRnoszX.jpg,OCEAN
MWI_qejJc13JErjBFvTc.jpg,FARMLAND
MWI_rK8Wo8D4fh55XWnH.jpg,LAKE
MWI_klZ6Oli9nxj45QC2.jpg,DESERT
MWI_o0etuJA5ItmxOWRv.jpg,DESERT
MWI_rDLSMxyWn6P0cdjV.jpg,OCEAN
MWI_PJh46fgXe0Vlh2aQ.jpg,FARMLAND
MWI_nqBGs9WOHLyMgWiq.jpg,OCEAN
MWI_qbWOPD5r5yJ531oX.jpg,DESERT
MWI_NFiq3OEW10cyYidt.jpg,MOUNTAIN
MWI_OxO22LuXolw3sM8O.jpg,DESERT
MWI_Ktq9fUm4LQ5u4xqd.jpg,FARMLAND
MWI_p9GA2wtl2aXWl8ZU.jpg,DESERT
MWI_KxMhxcjsgGJaHb1X.jpg,OCEAN
MWI_Ov9nPyMc4KnnGCQt.jpg,OCEAN
MWI_P34kAvvdySvkkH4r.jpg,MOUNTAIN
MWI_paDxnAjx2KkZYDMA.jpg,FARMLAND
MWI_ntSknacBNMUNP4Q2.jpg,DESERT
MWI_MW94uH2IXLZi0n8y.jpg,LAKE
MWI_rV5OGSTkk767vZFt.jpg,OCEAN
MWI_p0uncXULeTuYNmIp.jpg,OCEAN
MWI_nP8zGZk5KfD6ssLE.jpg,MOUNTAIN
MWI_ROru175bk3ZXcFqV.jpg,DESERT
MWI_mtd5VYLeDgET0Jtu.jpg,MOUNTAIN
MWI_oK7lXVXTHiPd365A.jpg,FARMLAND
MWI_LF2Ej95qpIflciva.jpg,FARMLAND
MWI_rU1tRHkoEtX168RJ.jpg,OCEAN
MWI_KGnibGL9KFBpcvjV.jpg,DESERT
MWI_loGSdq31LtFaFxjO.jpg,CITY
MWI_OejLNi2V1jZMUicn.jpg,FARMLAND
MWI_lit260y38j9wtHiF.jpg,OCEAN
MWI_rJVw6XtYCouiNJ98.jpg,DESERT
MWI_QyTBV5ihPR0kEQXs.jpg,FARMLAND
MWI_NnPbvPaE8vecKjbP.jpg,DESERT
MWI_PkawUC5PXpfAaPv8.jpg,OCEAN
MWI_RXFNxvn4IsKLgfov.jpg,DESERT
MWI_rSM0gwm3mBH6jgey.jpg,OCEAN
MWI_oMjvJu9G2XoA88DG.jpg,MOUNTAIN
MWI_KFSnYaR40ro5CsiG.jpg,LAKE
MWI_mYWH9fzMJC3Cknd5.jpg,OCEAN
MWI_pK5uYLDz0kEs2dte.jpg,DESERT
MWI_qRPlk9s1J2OWkVV4.jpg,CITY
MWI_KznfjN2LaDto9m5q.jpg,DESERT
MWI_nnsohbgJnjkIhebT.jpg,DESERT
MWI_okAZKJyXb1I0SjS7.jpg,OCEAN
MWI_po1Dcru0cHMklimF.jpg,DESERT
MWI_Nj0JmNJFvtfBycib.jpg,MOUNTAIN
MWI_lNDPCf05aUaWKsAU.jpg,MOUNTAIN
MWI_PpeKPehRm2JN9B5t.jpg,DESERT
MWI_lNZAN73PCaDBzmj4.jpg,MOUNTAIN
MWI_OVCkEwDtMRzhHSHM.jpg,MOUNTAIN
MWI_mcmTu7AssLRrqCSq.jpg,OCEAN
MWI_qoY478jlMMJbGoh9.jpg,MOUNTAIN
MWI_RZ8cERmqyjm1p1uC.jpg,DESERT
MWI_LSSSXfH7sznIwS6x.jpg,DESERT
MWI_OwPlYiXDtPyXl21z.jpg,LAKE
MWI_Kn6u36w7io6PX0c9.jpg,MOUNTAIN
MWI_M6CsgUAdUFYPWf3Y.jpg,MOUNTAIN
MWI_LfQOlOmsR70I9Ya6.jpg,DESERT
MWI_qEmUAxQxuWWUGSv4.jpg,DESERT
MWI_Lpvr5uFq4gxgMhGC.jpg,OCEAN
MWI_rkYjPNBO1PuB3TcK.jpg,OCEAN
MWI_rwG7haSyYbxpoIZp.jpg,DESERT
MWI_REg06gN7lVcsggcY.jpg,DESERT
MWI_kSe5PaIHYF6cZJxX.jpg,DESERT
MWI_Mm4RsFouDX8nnbYv.jpg,MOUNTAIN
MWI_Plwm9tHZlVimUzZl.jpg,MOUNTAIN
MWI_LSYB99Cu5z6Djwpe.jpg,DESERT
MWI_NwZaAtviuZbOfJlw.jpg,DESERT
MWI_MAXV7V1l06Hvy3fK.jpg,OCEAN
MWI_S5x4KBchqrI0JCGy.jpg,DESERT
MWI_rZGK2aaPpF4NvwB5.jpg,DESERT
MWI_PE6QEZJgETqY0YOB.jpg,MOUNTAIN
MWI_QWCWBjdcrDSL7KLu.jpg,OCEAN
MWI_L9SvaiMYw3nnOtyB.jpg,DESERT
MWI_s2jZm6RaCjKpuEYY.jpg,OCEAN
MWI_OFzDs3iYqviNNoLu.jpg,MOUNTAIN
MWI_RqUPiuvRTCOjNZFa.jpg,OCEAN
MWI_NegsiftDwjKn718W.jpg,MOUNTAIN
MWI_rKXsoqgh0MCUkI0Z.jpg,FARMLAND
MWI_lctXjsXN03HiQhRG.jpg,DESERT
MWI_o8Lymniq9MWhLcxp.jpg,MOUNTAIN
MWI_M5LysEbYA9U2uXgI.jpg,MOUNTAIN
MWI_PZ0WgSfcR3HjxPyG.jpg,FARMLAND
MWI_LaFo03L8WYeSyoLP.jpg,DESERT
MWI_Ms8EYTLnz4s0ewLA.jpg,MOUNTAIN
MWI_KZvUVgalx9qNGpCs.jpg,FARMLAND
MWI_pUJome3Si5eIhe2h.jpg,LAKE
MWI_kYtmq87hBsdlRPxv.jpg,MOUNTAIN
MWI_kDuAs5wmihvToROn.jpg,FARMLAND
MWI_peL6ODiCMNNYI4p9.jpg,LAKE
MWI_ouLS813NngyPdLy6.jpg,MOUNTAIN
MWI_PbmuY9xrtCITyfWj.jpg,DESERT
MWI_kcEuPVcWtXHZNIRP.jpg,MOUNTAIN
MWI_LzuUovgNuywLYUJp.jpg,OCEAN
MWI_P1ABQqowPeWCAH9j.jpg,DESERT
MWI_MLixYDG0ycbB6MxO.jpg,OCEAN
MWI_pUG7J3kfSNtvCD0F.jpg,OCEAN
MWI_M5SrlMxtorRV6Rn5.jpg,OCEAN
MWI_QG2d6XYj3o6AEtIB.jpg,LAKE
MWI_MUbIR74rcvVyhzBc.jpg,MOUNTAIN
MWI_RPh9RD04ziHm5naE.jpg,OCEAN
MWI_pFjijGwsM8GEBqCw.jpg,DESERT
MWI_qfICLsOXyeJ4oMgq.jpg,DESERT
MWI_MELHvWIDo4GVetuF.jpg,DESERT
MWI_oqIKPqvKrUixjPMt.jpg,DESERT
MWI_OJoNqtauXszZkzCT.jpg,DESERT
MWI_Rpjm1mE6JvBduzRx.jpg,MOUNTAIN
MWI_nzWZv4LT12AscB8U.jpg,OCEAN
MWI_kRmT4FGXa0HujDvE.jpg,OCEAN
MWI_MH2elF46Ta0lS11w.jpg,DESERT
MWI_LshspJLtGVFhM6nD.jpg,MOUNTAIN
MWI_pufKzzVJa34FRGEk.jpg,CITY
MWI_L5DGfSI8I8xSwSRR.jpg,FARMLAND
MWI_Q7ZrKtILdoeLKYjr.jpg,FARMLAND
MWI_n6YOriNH1I5O9R2C.jpg,OCEAN
MWI_myRCJq8sGSTMNMaW.jpg,FARMLAND
MWI_peeMFIrPwLGQVETk.jpg,MOUNTAIN
MWI_OTog2zQmlAqXzKoJ.jpg,DESERT
MWI_NO3iJ6DcanElc8hp.jpg,MOUNTAIN
MWI_lwMuVxQJlYZCrjRs.jpg,FARMLAND
MWI_OZGO3xLTkNu8V84c.jpg,DESERT
MWI_lmPgTOj980jxgXoK.jpg,DESERT
MWI_mRuD08xjJt7AWS0a.jpg,MOUNTAIN
MWI_pFYafzbPc53s9t3Q.jpg,MOUNTAIN
MWI_PGOLtij8WKqcQ8Z3.jpg,CITY
MWI_QW4l91sGCHh6Fxgm.jpg,OCEAN
MWI_nDdbk19y7Y4ysA8z.jpg,DESERT
MWI_MQe1ZRP4mBi2CQyc.jpg,OCEAN
MWI_LS5dZxALByd0z6aW.jpg,MOUNTAIN
MWI_mbR9pCoaHKwxX3Bc.jpg,DESERT
MWI_kzvEXVFiAS2kC03N.jpg,OCEAN
